{"v":"5.7.11","fr":30,"ip":0,"op":176,"w":1920,"h":1920,"nm":"shop_comp","ddd":0,"assets":[{"id":"image_0","w":596,"h":842,"u":"images/","p":"img_0.png","e":0},{"id":"image_1","w":596,"h":842,"u":"images/","p":"img_1.png","e":0},{"id":"image_2","w":596,"h":842,"u":"images/","p":"img_2.png","e":0},{"id":"image_3","w":596,"h":842,"u":"images/","p":"img_3.png","e":0},{"id":"image_4","w":596,"h":842,"u":"images/","p":"img_4.png","e":0}],"layers":[{"ddd":0,"ind":1,"ty":3,"nm":"Null 5","sr":1,"ks":{"o":{"a":0,"k":0,"ix":11},"r":{"a":0,"k":0,"ix":10},"p":{"a":0,"k":[928,1664,0],"ix":2,"l":2},"a":{"a":0,"k":[-3.896,157.143,0],"ix":1,"l":2},"s":{"a":1,"k":[{"i":{"x":[0.667,0.667,0.667],"y":[1,1,1]},"o":{"x":[0.333,0.333,0.333],"y":[0,0,0]},"t":0,"s":[308,308,100]},{"i":{"x":[0.667,0.667,0.667],"y":[1,1,1]},"o":{"x":[0.333,0.333,0.333],"y":[0,0,0]},"t":38,"s":[308,272,100]},{"i":{"x":[0.667,0.667,0.667],"y":[1,1,1]},"o":{"x":[0.333,0.333,0.333],"y":[0,0,0]},"t":72,"s":[308,314,100]},{"i":{"x":[0.667,0.667,0.667],"y":[1,1,1]},"o":{"x":[0.333,0.333,0.333],"y":[0,0,0]},"t":106,"s":[308,266,100]},{"i":{"x":[0.667,0.667,0.667],"y":[1,1,1]},"o":{"x":[0.333,0.333,0.333],"y":[0,0,0]},"t":135,"s":[308,324,100]},{"t":176,"s":[308,308,100]}],"ix":6,"l":2}},"ao":0,"ip":0,"op":450,"st":0,"bm":0},{"ddd":0,"ind":2,"ty":2,"nm":"shop sign","refId":"image_0","sr":1,"ks":{"o":{"a":0,"k":100,"ix":11},"r":{"a":0,"k":0,"ix":10},"p":{"a":0,"k":[994.325,739.391,0],"ix":2,"l":2},"a":{"a":0,"k":[297.638,420.945,0],"ix":1,"l":2},"s":{"a":0,"k":[308,308,100],"ix":6,"l":2}},"ao":0,"ip":0,"op":450,"st":0,"bm":0},{"ddd":0,"ind":3,"ty":2,"nm":"neon sign","parent":1,"refId":"image_1","sr":1,"ks":{"o":{"a":0,"k":100,"ix":11},"r":{"a":0,"k":0,"ix":10},"p":{"a":0,"k":[17.638,-143.055,0],"ix":2,"l":2},"a":{"a":0,"k":[297.638,420.945,0],"ix":1,"l":2},"s":{"a":0,"k":[100,100,100],"ix":6,"l":2}},"ao":0,"ip":0,"op":450,"st":0,"bm":0},{"ddd":0,"ind":4,"ty":2,"nm":"dinding","parent":1,"refId":"image_2","sr":1,"ks":{"o":{"a":0,"k":100,"ix":11},"r":{"a":0,"k":0,"ix":10},"p":{"a":0,"k":[17.638,-143.055,0],"ix":2,"l":2},"a":{"a":0,"k":[297.638,420.945,0],"ix":1,"l":2},"s":{"a":0,"k":[100,100,100],"ix":6,"l":2}},"ao":0,"ip":0,"op":450,"st":0,"bm":0},{"ddd":0,"ind":5,"ty":2,"nm":"atap","parent":1,"refId":"image_3","sr":1,"ks":{"o":{"a":0,"k":100,"ix":11},"r":{"a":0,"k":0,"ix":10},"p":{"a":0,"k":[17.638,-143.055,0],"ix":2,"l":2},"a":{"a":0,"k":[297.638,420.945,0],"ix":1,"l":2},"s":{"a":0,"k":[100,100,100],"ix":6,"l":2}},"ao":0,"ip":0,"op":450,"st":0,"bm":0},{"ddd":0,"ind":6,"ty":2,"nm":"pondasi","parent":1,"refId":"image_4","sr":1,"ks":{"o":{"a":0,"k":100,"ix":11},"r":{"a":0,"k":0,"ix":10},"p":{"a":0,"k":[17.638,-143.055,0],"ix":2,"l":2},"a":{"a":0,"k":[297.638,420.945,0],"ix":1,"l":2},"s":{"a":0,"k":[100,100,100],"ix":6,"l":2}},"ao":0,"ip":0,"op":450,"st":0,"bm":0}],"markers":[]}