{"v":"5.7.11","fr":23.9759979248047,"ip":0,"op":58.9999948933716,"w":1920,"h":1080,"nm":"icon mitra","ddd":0,"assets":[{"id":"image_0","w":355,"h":286,"u":"images/","p":"img_0.png","e":0},{"id":"image_1","w":279,"h":220,"u":"images/","p":"img_1.png","e":0},{"id":"image_2","w":255,"h":174,"u":"images/","p":"img_2.png","e":0}],"layers":[{"ddd":0,"ind":1,"ty":3,"nm":"Null 7","sr":1,"ks":{"o":{"a":0,"k":0,"ix":11},"r":{"a":0,"k":0,"ix":10},"p":{"a":0,"k":[864,504,0],"ix":2,"l":2},"a":{"a":0,"k":[0,0,0],"ix":1,"l":2},"s":{"a":0,"k":[211.8,211.8,100],"ix":6,"l":2}},"ao":0,"ip":0,"op":239.999979227274,"st":0,"bm":0},{"ddd":0,"ind":2,"ty":2,"nm":"tangan tengah","parent":1,"refId":"image_0","sr":1,"ks":{"o":{"a":0,"k":100,"ix":11},"r":{"a":0,"k":0,"ix":10},"p":{"a":1,"k":[{"i":{"x":0,"y":1},"o":{"x":0.333,"y":0},"t":0,"s":[48.968,70.868,0],"to":[0,-6,0],"ti":[0,0,0]},{"i":{"x":0.667,"y":1},"o":{"x":1,"y":0},"t":15,"s":[48.968,34.868,0],"to":[0,0,0],"ti":[0,-6,0]},{"t":25.9999977496214,"s":[48.968,70.868,0]}],"ix":2,"l":2},"a":{"a":0,"k":[177.276,142.881,0],"ix":1,"l":2},"s":{"a":0,"k":[100,100,100],"ix":6,"l":2}},"ao":0,"ip":0,"op":359.999968840911,"st":0,"bm":0},{"ddd":0,"ind":3,"ty":2,"nm":"tangan kanan","parent":1,"refId":"image_1","sr":1,"ks":{"o":{"a":0,"k":100,"ix":11},"r":{"a":1,"k":[{"i":{"x":[0],"y":[1]},"o":{"x":[0.333],"y":[0]},"t":0,"s":[0]},{"i":{"x":[0.667],"y":[1]},"o":{"x":[1],"y":[0]},"t":15,"s":[6.9]},{"t":25.9999977496214,"s":[0]}],"ix":10},"p":{"a":0,"k":[416.61,-42.614,0],"ix":2,"l":2},"a":{"a":0,"k":[278.26,96.441,0],"ix":1,"l":2},"s":{"a":0,"k":[100,100,100],"ix":6,"l":2}},"ao":0,"ip":0,"op":359.999968840911,"st":0,"bm":0},{"ddd":0,"ind":4,"ty":2,"nm":"tangan kiri","parent":1,"refId":"image_2","sr":1,"ks":{"o":{"a":0,"k":100,"ix":11},"r":{"a":1,"k":[{"i":{"x":[0],"y":[1]},"o":{"x":[0.333],"y":[0]},"t":0,"s":[0]},{"i":{"x":[0.667],"y":[1]},"o":{"x":[1],"y":[0]},"t":15,"s":[-8.6]},{"t":25.9999977496214,"s":[0]}],"ix":10},"p":{"a":0,"k":[-326.674,39.533,0],"ix":2,"l":2},"a":{"a":0,"k":[-0.297,88.415,0],"ix":1,"l":2},"s":{"a":0,"k":[100,100,100],"ix":6,"l":2}},"ao":0,"ip":0,"op":359.999968840911,"st":0,"bm":0}],"markers":[]}